ShortName,Module,CPUTime_Self,Percent_Self
__GI___libc_malloc	libc.so.6	7.132321	26.8,__GI___libc_malloc	libc.so.6	7.132321	26.8,__GI___libc_malloc	libc.so.6	7.132321	26.8,0.00%
__GI___libc_free	libc.so.6	2.441001	9.2,__GI___libc_free	libc.so.6	2.441001	9.2,__GI___libc_free	libc.so.6	2.441001	9.2,0.00%
h080c77480cc5943b	datalog_par	2.241849	8.4,crossbeam_epoch::default::with_handle::h080c77480cc5943b	datalog_par	2.241849	8.4,crossbeam_epoch::default::with_handle::h080c77480cc5943b	datalog_par	2.241849	8.4,0.00%
__sched_yield	libc.so.6	0.987911	3.7,__sched_yield	libc.so.6	0.987911	3.7,__sched_yield	libc.so.6	0.987911	3.7,0.00%
h8e085d40c9fb37f8	datalog_par	0.810005	3.0,rayon::iter::extend::_$LT$impl$u20$rayon..iter..ParallelExtend$LT$T$GT$$u20$for$u20$alloc..vec..Vec$LT$T$GT$$GT$::par_extend::h8e085d40c9fb37f8	datalog_par	0.810005	3.0,rayon::iter::extend::_$LT$impl$u20$rayon..iter..ParallelExtend$LT$T$GT$$u20$for$u20$alloc..vec..Vec$LT$T$GT$$GT$::par_extend::h8e085d40c9fb37f8	datalog_par	0.810005	3.0,0.00%
hd5909cee0f018974	datalog_par	0.799931	3.0,crossbeam_epoch::atomic::decompose_tag::hd5909cee0f018974	datalog_par	0.799931	3.0,crossbeam_epoch::atomic::decompose_tag::hd5909cee0f018974	datalog_par	0.799931	3.0,0.00%
heb97cb01c823b9b9	datalog_par	0.779001	2.9,foldhash::fast::FoldHasher::write_num::heb97cb01c823b9b9	datalog_par	0.779001	2.9,foldhash::fast::FoldHasher::write_num::heb97cb01c823b9b9	datalog_par	0.779001	2.9,0.00%
h5d2341463d14e649	datalog_par	0.750108	2.8,_$LT$alloc..vec..Vec$LT$T$GT$$u20$as$u20$alloc..vec..spec_from_iter..SpecFromIter$LT$T$C$I$GT$$GT$::from_iter::h5d2341463d14e649	datalog_par	0.750108	2.8,_$LT$alloc..vec..Vec$LT$T$GT$$u20$as$u20$alloc..vec..spec_from_iter..SpecFromIter$LT$T$C$I$GT$$GT$::from_iter::h5d2341463d14e649	datalog_par	0.750108	2.8,0.00%
__GI___libc_write	libc.so.6	0.670028	2.5,__GI___libc_write	libc.so.6	0.670028	2.5,__GI___libc_write	libc.so.6	0.670028	2.5,0.00%
hc8d20614c8b407f7	datalog_par	0.509988	1.9,std::io::buffered::bufwriter::BufWriter$LT$W$GT$::flush_buf::hc8d20614c8b407f7	datalog_par	0.509988	1.9,std::io::buffered::bufwriter::BufWriter$LT$W$GT$::flush_buf::hc8d20614c8b407f7	datalog_par	0.509988	1.9,0.00%
heb97cb01c823b9b9	datalog_par	0.499855	1.9,foldhash::fast::FoldHasher::write_num::heb97cb01c823b9b9	datalog_par	0.499855	1.9,foldhash::fast::FoldHasher::write_num::heb97cb01c823b9b9	datalog_par	0.499855	1.9,0.00%
h449ce7007c605faa	datalog_par	0.360009	1.4,_$LT$rayon..iter..unzip..UnzipFolder$LT$OP$C$FA$C$FB$GT$$u20$as$u20$rayon..iter..plumbing..Folder$LT$T$GT$$GT$::consume::h449ce7007c605faa	datalog_par	0.360009	1.4,_$LT$rayon..iter..unzip..UnzipFolder$LT$OP$C$FA$C$FB$GT$$u20$as$u20$rayon..iter..plumbing..Folder$LT$T$GT$$GT$::consume::h449ce7007c605faa	datalog_par	0.360009	1.4,0.00%
h102a364dda67dd3b	datalog_par	0.339981	1.3,core::cmp::impls::_$LT$impl$u20$core..cmp..PartialEq$u20$for$u20$u32$GT$::eq::h102a364dda67dd3b	datalog_par	0.339981	1.3,core::cmp::impls::_$LT$impl$u20$core..cmp..PartialEq$u20$for$u20$u32$GT$::eq::h102a364dda67dd3b	datalog_par	0.339981	1.3,0.00%
h3af7926a200d6026	datalog_par	0.329974	1.2,_$LT$$u5b$A$u5d$$u20$as$u20$core..slice..cmp..SlicePartialEq$LT$B$GT$$GT$::equal::h3af7926a200d6026	datalog_par	0.329974	1.2,_$LT$$u5b$A$u5d$$u20$as$u20$core..slice..cmp..SlicePartialEq$LT$B$GT$$GT$::equal::h3af7926a200d6026	datalog_par	0.329974	1.2,0.00%
he6a742d8e734205f	datalog_par	0.311031	1.2,rayon::iter::plumbing::bridge_unindexed_producer_consumer::he6a742d8e734205f	datalog_par	0.311031	1.2,rayon::iter::plumbing::bridge_unindexed_producer_consumer::he6a742d8e734205f	datalog_par	0.311031	1.2,0.00%
heb97cb01c823b9b9	datalog_par	0.290018	1.1,foldhash::fast::FoldHasher::write_num::heb97cb01c823b9b9	datalog_par	0.290018	1.1,foldhash::fast::FoldHasher::write_num::heb97cb01c823b9b9	datalog_par	0.290018	1.1,0.00%
__memmove_avx_unaligned_erms	libc.so.6	0.290003	1.1,__memmove_avx_unaligned_erms	libc.so.6	0.290003	1.1,__memmove_avx_unaligned_erms	libc.so.6	0.290003	1.1,0.00%
h102a364dda67dd3b	datalog_par	0.287962	1.1,core::cmp::impls::_$LT$impl$u20$core..cmp..PartialEq$u20$for$u20$u32$GT$::eq::h102a364dda67dd3b	datalog_par	0.287962	1.1,core::cmp::impls::_$LT$impl$u20$core..cmp..PartialEq$u20$for$u20$u32$GT$::eq::h102a364dda67dd3b	datalog_par	0.287962	1.1,0.00%
hc681bdf4572bc34b.llvm.6352146182090869225	datalog_par	0.271008	1.0,rayon_core::join::join_context::_$u7b$$u7b$closure$u7d$$u7d$::hc681bdf4572bc34b.llvm.6352146182090869225	datalog_par	0.271008	1.0,rayon_core::join::join_context::_$u7b$$u7b$closure$u7d$$u7d$::hc681bdf4572bc34b.llvm.6352146182090869225	datalog_par	0.271008	1.0,0.00%
__GI___libc_realloc	libc.so.6	0.270019	1.0,__GI___libc_realloc	libc.so.6	0.270019	1.0,__GI___libc_realloc	libc.so.6	0.270019	1.0,0.00%
h3af7926a200d6026	datalog_par	0.240021	0.9,_$LT$$u5b$A$u5d$$u20$as$u20$core..slice..cmp..SlicePartialEq$LT$B$GT$$GT$::equal::h3af7926a200d6026	datalog_par	0.240021	0.9,_$LT$$u5b$A$u5d$$u20$as$u20$core..slice..cmp..SlicePartialEq$LT$B$GT$$GT$::equal::h3af7926a200d6026	datalog_par	0.240021	0.9,0.00%
h7480145d323bb512	datalog_par	0.231002	0.9,rayon::iter::plumbing::Folder::consume_iter::h7480145d323bb512	datalog_par	0.231002	0.9,rayon::iter::plumbing::Folder::consume_iter::h7480145d323bb512	datalog_par	0.231002	0.9,0.00%
he337e436d05b1a4b	datalog_par	0.229980	0.9,hashbrown::external_trait_impls::rayon::set::extend::he337e436d05b1a4b	datalog_par	0.229980	0.9,hashbrown::external_trait_impls::rayon::set::extend::he337e436d05b1a4b	datalog_par	0.229980	0.9,0.00%
h102a364dda67dd3b	datalog_par	0.210034	0.8,core::cmp::impls::_$LT$impl$u20$core..cmp..PartialEq$u20$for$u20$u32$GT$::eq::h102a364dda67dd3b	datalog_par	0.210034	0.8,core::cmp::impls::_$LT$impl$u20$core..cmp..PartialEq$u20$for$u20$u32$GT$::eq::h102a364dda67dd3b	datalog_par	0.210034	0.8,0.00%
heb97cb01c823b9b9	datalog_par	0.210011	0.8,foldhash::fast::FoldHasher::write_num::heb97cb01c823b9b9	datalog_par	0.210011	0.8,foldhash::fast::FoldHasher::write_num::heb97cb01c823b9b9	datalog_par	0.210011	0.8,0.00%
h41fdabca554da896	datalog_par	0.210001	0.8,rayon::iter::extend::_$LT$impl$u20$rayon..iter..ParallelExtend$LT$T$GT$$u20$for$u20$alloc..vec..Vec$LT$T$GT$$GT$::par_extend::h41fdabca554da896	datalog_par	0.210001	0.8,rayon::iter::extend::_$LT$impl$u20$rayon..iter..ParallelExtend$LT$T$GT$$u20$for$u20$alloc..vec..Vec$LT$T$GT$$GT$::par_extend::h41fdabca554da896	datalog_par	0.210001	0.8,0.00%
hdf08446dd94502a7	datalog_par	0.200005	0.8,std::sys::thread_local::native::lazy::Storage$LT$T$C$D$GT$::get_or_init::hdf08446dd94502a7	datalog_par	0.200005	0.8,std::sys::thread_local::native::lazy::Storage$LT$T$C$D$GT$::get_or_init::hdf08446dd94502a7	datalog_par	0.200005	0.8,0.00%
h3af7926a200d6026	datalog_par	0.199016	0.7,_$LT$$u5b$A$u5d$$u20$as$u20$core..slice..cmp..SlicePartialEq$LT$B$GT$$GT$::equal::h3af7926a200d6026	datalog_par	0.199016	0.7,_$LT$$u5b$A$u5d$$u20$as$u20$core..slice..cmp..SlicePartialEq$LT$B$GT$$GT$::equal::h3af7926a200d6026	datalog_par	0.199016	0.7,0.00%
hd836307531aa331a.llvm.8339428095994837606	datalog_par	0.179030	0.7,datalog_par::magic::MagicSet::additions::_$u7b$$u7b$closure$u7d$$u7d$::hd836307531aa331a.llvm.8339428095994837606	datalog_par	0.179030	0.7,datalog_par::magic::MagicSet::additions::_$u7b$$u7b$closure$u7d$$u7d$::hd836307531aa331a.llvm.8339428095994837606	datalog_par	0.179030	0.7,0.00%
h476dae8880a26fdc	datalog_par	0.169993	0.6,core::core_arch::x86::sse2::_mm_movemask_epi8::h476dae8880a26fdc	datalog_par	0.169993	0.6,core::core_arch::x86::sse2::_mm_movemask_epi8::h476dae8880a26fdc	datalog_par	0.169993	0.6,0.00%
hb2b7feb090951bee.llvm.6352146182090869225	datalog_par	0.149992	0.6,rayon_core::join::join_context::_$u7b$$u7b$closure$u7d$$u7d$::hb2b7feb090951bee.llvm.6352146182090869225	datalog_par	0.149992	0.6,rayon_core::join::join_context::_$u7b$$u7b$closure$u7d$$u7d$::hb2b7feb090951bee.llvm.6352146182090869225	datalog_par	0.149992	0.6,0.00%
h476dae8880a26fdc	datalog_par	0.130010	0.5,core::core_arch::x86::sse2::_mm_movemask_epi8::h476dae8880a26fdc	datalog_par	0.130010	0.5,core::core_arch::x86::sse2::_mm_movemask_epi8::h476dae8880a26fdc	datalog_par	0.130010	0.5,0.00%
h96407963fccbf4ac	datalog_par	0.129990	0.5,hashbrown::external_trait_impls::rayon::helpers::collect::h96407963fccbf4ac	datalog_par	0.129990	0.5,hashbrown::external_trait_impls::rayon::helpers::collect::h96407963fccbf4ac	datalog_par	0.129990	0.5,0.00%
hb7f987f810dad9ab	datalog_par	0.129035	0.5,core::ptr::non_null::NonNull$LT$T$GT$::as_ref::hb7f987f810dad9ab	datalog_par	0.129035	0.5,core::ptr::non_null::NonNull$LT$T$GT$::as_ref::hb7f987f810dad9ab	datalog_par	0.129035	0.5,0.00%
he0a2e8296914e0ee	datalog_par	0.121972	0.5,rayon::iter::plumbing::bridge_producer_consumer::helper::he0a2e8296914e0ee	datalog_par	0.121972	0.5,rayon::iter::plumbing::bridge_producer_consumer::helper::he0a2e8296914e0ee	datalog_par	0.121972	0.5,0.00%
h6a6321d0a4d53c1a	datalog_par	0.119969	0.5,rayon::iter::plumbing::bridge_producer_consumer::helper::h6a6321d0a4d53c1a	datalog_par	0.119969	0.5,rayon::iter::plumbing::bridge_producer_consumer::helper::h6a6321d0a4d53c1a	datalog_par	0.119969	0.5,0.00%
h6f43264d22ab3fa2	datalog_par	0.110089	0.4,core::ptr::write::h6f43264d22ab3fa2	datalog_par	0.110089	0.4,core::ptr::write::h6f43264d22ab3fa2	datalog_par	0.110089	0.4,0.00%
h2e59b2c1a1bcfa27	datalog_par	0.109997	0.4,_$LT$alloc..vec..into_iter..IntoIter$LT$T$C$A$GT$$u20$as$u20$core..iter..traits..iterator..Iterator$GT$::fold::h2e59b2c1a1bcfa27	datalog_par	0.109997	0.4,_$LT$alloc..vec..into_iter..IntoIter$LT$T$C$A$GT$$u20$as$u20$core..iter..traits..iterator..Iterator$GT$::fold::h2e59b2c1a1bcfa27	datalog_par	0.109997	0.4,0.00%
hb2b2f2199abeca97	datalog_par	0.090000	0.3,core::ops::function::impls::_$LT$impl$u20$core..ops..function..FnOnce$LT$A$GT$$u20$for$u20$$RF$mut$u20$F$GT$::call_once::hb2b2f2199abeca97	datalog_par	0.090000	0.3,core::ops::function::impls::_$LT$impl$u20$core..ops..function..FnOnce$LT$A$GT$$u20$for$u20$$RF$mut$u20$F$GT$::call_once::hb2b2f2199abeca97	datalog_par	0.090000	0.3,0.00%
h6bbdc88078614ffb	datalog_par	0.089986	0.3,crossbeam_deque::deque::Stealer$LT$T$GT$::steal::h6bbdc88078614ffb	datalog_par	0.089986	0.3,crossbeam_deque::deque::Stealer$LT$T$GT$::steal::h6bbdc88078614ffb	datalog_par	0.089986	0.3,0.00%
h61a899053b3c86b9	datalog_par	0.080000	0.3,std::sync::poison::condvar::Condvar::wait::h61a899053b3c86b9	datalog_par	0.080000	0.3,std::sync::poison::condvar::Condvar::wait::h61a899053b3c86b9	datalog_par	0.080000	0.3,0.00%
haede93ee82ea2b6c	datalog_par	0.079993	0.3,rayon_core::registry::in_worker::haede93ee82ea2b6c	datalog_par	0.079993	0.3,rayon_core::registry::in_worker::haede93ee82ea2b6c	datalog_par	0.079993	0.3,0.00%
h63dad45b9fae3052	datalog_par	0.079992	0.3,datalog_par::push_print_to_string::h63dad45b9fae3052	datalog_par	0.079992	0.3,datalog_par::push_print_to_string::h63dad45b9fae3052	datalog_par	0.079992	0.3,0.00%
hd582baf685d7e988.llvm.6352146182090869225	datalog_par	0.079983	0.3,rayon_core::join::join_context::_$u7b$$u7b$closure$u7d$$u7d$::hd582baf685d7e988.llvm.6352146182090869225	datalog_par	0.079983	0.3,rayon_core::join::join_context::_$u7b$$u7b$closure$u7d$$u7d$::hd582baf685d7e988.llvm.6352146182090869225	datalog_par	0.079983	0.3,0.00%
h7530f39625246fda	datalog_par	0.078997	0.3,_$LT$rayon..iter..extend..ListVecFolder$LT$T$GT$$u20$as$u20$rayon..iter..plumbing..Folder$LT$T$GT$$GT$::complete::h7530f39625246fda	datalog_par	0.078997	0.3,_$LT$rayon..iter..extend..ListVecFolder$LT$T$GT$$u20$as$u20$rayon..iter..plumbing..Folder$LT$T$GT$$GT$::complete::h7530f39625246fda	datalog_par	0.078997	0.3,0.00%
h2cd22642c95208a3	datalog_par	0.070000	0.3,_$LT$alloc..vec..Vec$LT$T$C$A$GT$$u20$as$u20$alloc..vec..spec_extend..SpecExtend$LT$T$C$I$GT$$GT$::spec_extend::h2cd22642c95208a3	datalog_par	0.070000	0.3,_$LT$alloc..vec..Vec$LT$T$C$A$GT$$u20$as$u20$alloc..vec..spec_extend..SpecExtend$LT$T$C$I$GT$$GT$::spec_extend::h2cd22642c95208a3	datalog_par	0.070000	0.3,0.00%
h2a0e7d88a8db523d	datalog_par	0.069998	0.3,_$LT$core..iter..adapters..chain..Chain$LT$A$C$B$GT$$u20$as$u20$core..iter..traits..iterator..Iterator$GT$::try_fold::h2a0e7d88a8db523d	datalog_par	0.069998	0.3,_$LT$core..iter..adapters..chain..Chain$LT$A$C$B$GT$$u20$as$u20$core..iter..traits..iterator..Iterator$GT$::try_fold::h2a0e7d88a8db523d	datalog_par	0.069998	0.3,0.00%
hf3db7cc603c7778c	datalog_par	0.069997	0.3,alloc::raw_vec::RawVecInner$LT$A$GT$::reserve::do_reserve_and_handle::hf3db7cc603c7778c	datalog_par	0.069997	0.3,alloc::raw_vec::RawVecInner$LT$A$GT$::reserve::do_reserve_and_handle::hf3db7cc603c7778c	datalog_par	0.069997	0.3,0.00%
h00f9f581686c4aec	datalog_par	0.069990	0.3,rayon::iter::plumbing::bridge_producer_consumer::helper::h00f9f581686c4aec	datalog_par	0.069990	0.3,rayon::iter::plumbing::bridge_producer_consumer::helper::h00f9f581686c4aec	datalog_par	0.069990	0.3,0.00%
hf9050f0721f1a643	datalog_par	0.060966	0.2,core::sync::atomic::atomic_load::hf9050f0721f1a643	datalog_par	0.060966	0.2,core::sync::atomic::atomic_load::hf9050f0721f1a643	datalog_par	0.060966	0.2,0.00%
__rust_dealloc	datalog_par	0.060006	0.2,__rust_dealloc	datalog_par	0.060006	0.2,__rust_dealloc	datalog_par	0.060006	0.2,0.00%
h891dbeb2c460a47d	datalog_par	0.060001	0.2,rayon::iter::plumbing::Folder::consume_iter::h891dbeb2c460a47d	datalog_par	0.060001	0.2,rayon::iter::plumbing::Folder::consume_iter::h891dbeb2c460a47d	datalog_par	0.060001	0.2,0.00%
h14d40c79c6e08512	datalog_par	0.050003	0.2,hashbrown::map::HashMap$LT$K$C$V$C$S$C$A$GT$::insert::h14d40c79c6e08512	datalog_par	0.050003	0.2,hashbrown::map::HashMap$LT$K$C$V$C$S$C$A$GT$::insert::h14d40c79c6e08512	datalog_par	0.050003	0.2,0.00%
hd9c9f980b5803896	datalog_par	0.050002	0.2,datalog_par::magic::MagicSet::additions::hd9c9f980b5803896	datalog_par	0.050002	0.2,datalog_par::magic::MagicSet::additions::hd9c9f980b5803896	datalog_par	0.050002	0.2,0.00%
ha77d15c5fde42fab	datalog_par	0.050000	0.2,core::num::_$LT$impl$u20$isize$GT$::wrapping_sub::ha77d15c5fde42fab	datalog_par	0.050000	0.2,core::num::_$LT$impl$u20$isize$GT$::wrapping_sub::ha77d15c5fde42fab	datalog_par	0.050000	0.2,0.00%
h6af90abbb91e8d75	datalog_par	0.040002	0.2,core::sync::atomic::atomic_load::h6af90abbb91e8d75	datalog_par	0.040002	0.2,core::sync::atomic::atomic_load::h6af90abbb91e8d75	datalog_par	0.040002	0.2,0.00%
__rust_alloc	datalog_par	0.040002	0.2,__rust_alloc	datalog_par	0.040002	0.2,__rust_alloc	datalog_par	0.040002	0.2,0.00%
he36012a298377979	datalog_par	0.040000	0.2,crossbeam_deque::deque::Worker$LT$T$GT$::pop::he36012a298377979	datalog_par	0.040000	0.2,crossbeam_deque::deque::Worker$LT$T$GT$::pop::he36012a298377979	datalog_par	0.040000	0.2,0.00%
h2a1c06c08672d185	datalog_par	0.040000	0.2,crossbeam_epoch::internal::Local::unpin::h2a1c06c08672d185	datalog_par	0.040000	0.2,crossbeam_epoch::internal::Local::unpin::h2a1c06c08672d185	datalog_par	0.040000	0.2,0.00%
h3be40d46f7369751	datalog_par	0.040000	0.2,rayon::iter::plumbing::bridge_unindexed_producer_consumer::h3be40d46f7369751	datalog_par	0.040000	0.2,rayon::iter::plumbing::bridge_unindexed_producer_consumer::h3be40d46f7369751	datalog_par	0.040000	0.2,0.00%
h476dae8880a26fdc	datalog_par	0.039998	0.2,core::core_arch::x86::sse2::_mm_movemask_epi8::h476dae8880a26fdc	datalog_par	0.039998	0.2,core::core_arch::x86::sse2::_mm_movemask_epi8::h476dae8880a26fdc	datalog_par	0.039998	0.2,0.00%
h42e9ec43586c4db9	datalog_par	0.039989	0.2,_$LT$rayon..iter..unzip..UnzipReducer$LT$RA$C$RB$GT$$u20$as$u20$rayon..iter..plumbing..Reducer$LT$$LP$A$C$B$RP$$GT$$GT$::reduce::h42e9ec43586c4db9	datalog_par	0.039989	0.2,_$LT$rayon..iter..unzip..UnzipReducer$LT$RA$C$RB$GT$$u20$as$u20$rayon..iter..plumbing..Reducer$LT$$LP$A$C$B$RP$$GT$$GT$::reduce::h42e9ec43586c4db9	datalog_par	0.039989	0.2,0.00%
h54063fba7a11361d	datalog_par	0.038996	0.1,rayon::iter::plumbing::Folder::consume_iter::h54063fba7a11361d	datalog_par	0.038996	0.1,rayon::iter::plumbing::Folder::consume_iter::h54063fba7a11361d	datalog_par	0.038996	0.1,0.00%
h476dae8880a26fdc	datalog_par	0.030013	0.1,core::core_arch::x86::sse2::_mm_movemask_epi8::h476dae8880a26fdc	datalog_par	0.030013	0.1,core::core_arch::x86::sse2::_mm_movemask_epi8::h476dae8880a26fdc	datalog_par	0.030013	0.1,0.00%
h6f43264d22ab3fa2	datalog_par	0.030005	0.1,core::ptr::write::h6f43264d22ab3fa2	datalog_par	0.030005	0.1,core::ptr::write::h6f43264d22ab3fa2	datalog_par	0.030005	0.1,0.00%
h3af7926a200d6026	datalog_par	0.030000	0.1,_$LT$$u5b$A$u5d$$u20$as$u20$core..slice..cmp..SlicePartialEq$LT$B$GT$$GT$::equal::h3af7926a200d6026	datalog_par	0.030000	0.1,_$LT$$u5b$A$u5d$$u20$as$u20$core..slice..cmp..SlicePartialEq$LT$B$GT$$GT$::equal::h3af7926a200d6026	datalog_par	0.030000	0.1,0.00%
__rdl_alloc	datalog_par	0.030000	0.1,__rdl_alloc	datalog_par	0.030000	0.1,__rdl_alloc	datalog_par	0.030000	0.1,0.00%
h4ac3e602de8d4b39	datalog_par	0.030000	0.1,core::ops::function::impls::_$LT$impl$u20$core..ops..function..Fn$LT$A$GT$$u20$for$u20$$RF$F$GT$::call::h4ac3e602de8d4b39	datalog_par	0.030000	0.1,core::ops::function::impls::_$LT$impl$u20$core..ops..function..Fn$LT$A$GT$$u20$for$u20$$RF$F$GT$::call::h4ac3e602de8d4b39	datalog_par	0.030000	0.1,0.00%
hee607bf26ed47870	datalog_par	0.030000	0.1,crossbeam_deque::deque::Buffer$LT$T$GT$::at::hee607bf26ed47870	datalog_par	0.030000	0.1,crossbeam_deque::deque::Buffer$LT$T$GT$::at::hee607bf26ed47870	datalog_par	0.030000	0.1,0.00%
h0f93ad07ad4c1f9e	datalog_par	0.030000	0.1,crossbeam_deque::deque::Injector$LT$T$GT$::steal::h0f93ad07ad4c1f9e	datalog_par	0.030000	0.1,crossbeam_deque::deque::Injector$LT$T$GT$::steal::h0f93ad07ad4c1f9e	datalog_par	0.030000	0.1,0.00%
heb97cb01c823b9b9	datalog_par	0.030000	0.1,foldhash::fast::FoldHasher::write_num::heb97cb01c823b9b9	datalog_par	0.030000	0.1,foldhash::fast::FoldHasher::write_num::heb97cb01c823b9b9	datalog_par	0.030000	0.1,0.00%
h476dae8880a26fdc	datalog_par	0.029999	0.1,core::core_arch::x86::sse2::_mm_movemask_epi8::h476dae8880a26fdc	datalog_par	0.029999	0.1,core::core_arch::x86::sse2::_mm_movemask_epi8::h476dae8880a26fdc	datalog_par	0.029999	0.1,0.00%
hce7db050993801c4	datalog_par	0.029999	0.1,hashbrown::external_trait_impls::rayon::set::extend::hce7db050993801c4	datalog_par	0.029999	0.1,hashbrown::external_trait_impls::rayon::set::extend::hce7db050993801c4	datalog_par	0.029999	0.1,0.00%
h2b55fc654030495e	datalog_par	0.029997	0.1,hashbrown::util::unlikely::h2b55fc654030495e	datalog_par	0.029997	0.1,hashbrown::util::unlikely::h2b55fc654030495e	datalog_par	0.029997	0.1,0.00%
h4b133854e1fefa66.llvm.10778540020330600374	datalog_par	0.029994	0.1,crossbeam_epoch::default::with_handle::h4b133854e1fefa66.llvm.10778540020330600374	datalog_par	0.029994	0.1,crossbeam_epoch::default::with_handle::h4b133854e1fefa66.llvm.10778540020330600374	datalog_par	0.029994	0.1,0.00%
h145a627157048cd8	datalog_par	0.029993	0.1,core::ptr::const_ptr::_$LT$impl$u20$$BP$const$u20$T$GT$::as_ref::h145a627157048cd8	datalog_par	0.029993	0.1,core::ptr::const_ptr::_$LT$impl$u20$$BP$const$u20$T$GT$::as_ref::h145a627157048cd8	datalog_par	0.029993	0.1,0.00%
h51afc1e6be67b345	datalog_par	0.029993	0.1,rayon_core::sleep::counters::select_thread::h51afc1e6be67b345	datalog_par	0.029993	0.1,rayon_core::sleep::counters::select_thread::h51afc1e6be67b345	datalog_par	0.029993	0.1,0.00%
h9794c7c5e59ee4fe	datalog_par	0.029981	0.1,rayon_core::sleep::Sleep::start_looking::h9794c7c5e59ee4fe	datalog_par	0.029981	0.1,rayon_core::sleep::Sleep::start_looking::h9794c7c5e59ee4fe	datalog_par	0.029981	0.1,0.00%
h476dae8880a26fdc	datalog_par	0.021002	0.1,core::core_arch::x86::sse2::_mm_movemask_epi8::h476dae8880a26fdc	datalog_par	0.021002	0.1,core::core_arch::x86::sse2::_mm_movemask_epi8::h476dae8880a26fdc	datalog_par	0.021002	0.1,0.00%
hdd66878491c0e5f6	datalog_par	0.020051	0.1,core::intrinsics::copy_nonoverlapping::hdd66878491c0e5f6	datalog_par	0.020051	0.1,core::intrinsics::copy_nonoverlapping::hdd66878491c0e5f6	datalog_par	0.020051	0.1,0.00%
ha997193616db870c	datalog_par	0.020010	0.1,rayon_core::registry::WorkerThread::take_local_job::ha997193616db870c	datalog_par	0.020010	0.1,rayon_core::registry::WorkerThread::take_local_job::ha997193616db870c	datalog_par	0.020010	0.1,0.00%
hd2eedf1c9713f4ed	datalog_par	0.020001	0.1,_$LT$rayon..vec..IntoIter$LT$T$GT$$u20$as$u20$rayon..iter..IndexedParallelIterator$GT$::with_producer::hd2eedf1c9713f4ed	datalog_par	0.020001	0.1,_$LT$rayon..vec..IntoIter$LT$T$GT$$u20$as$u20$rayon..iter..IndexedParallelIterator$GT$::with_producer::hd2eedf1c9713f4ed	datalog_par	0.020001	0.1,0.00%
h8ae151f5feacf605	datalog_par	0.020000	0.1,hashbrown::control::tag::Tag::full::h8ae151f5feacf605	datalog_par	0.020000	0.1,hashbrown::control::tag::Tag::full::h8ae151f5feacf605	datalog_par	0.020000	0.1,0.00%
h1794fd3366139dcc	datalog_par	0.020000	0.1,_$LT$core..iter..adapters..map..Map$LT$I$C$F$GT$$u20$as$u20$core..iter..traits..iterator..Iterator$GT$::fold::h1794fd3366139dcc	datalog_par	0.020000	0.1,_$LT$core..iter..adapters..map..Map$LT$I$C$F$GT$$u20$as$u20$core..iter..traits..iterator..Iterator$GT$::fold::h1794fd3366139dcc	datalog_par	0.020000	0.1,0.00%
h40acc2359d8a23fb	datalog_par	0.020000	0.1,alloc::raw_vec::RawVec$LT$T$C$A$GT$::grow_one::h40acc2359d8a23fb	datalog_par	0.020000	0.1,alloc::raw_vec::RawVec$LT$T$C$A$GT$::grow_one::h40acc2359d8a23fb	datalog_par	0.020000	0.1,0.00%
hecec560bb19178d0.llvm.10778540020330600374	datalog_par	0.020000	0.1,alloc::raw_vec::finish_grow::hecec560bb19178d0.llvm.10778540020330600374	datalog_par	0.020000	0.1,alloc::raw_vec::finish_grow::hecec560bb19178d0.llvm.10778540020330600374	datalog_par	0.020000	0.1,0.00%
h25c673b775ee5122.llvm.886363150627906582	datalog_par	0.020000	0.1,core::ptr::drop_in_place$LT$rayon..vec..Drain$LT$$LP$datalog_par..magic..KeyId$C$$LP$alloc..boxed..Box$LT$$u5b$datalog_par..parser..ConstId$u5d$$GT$$C$alloc..boxed..Box$LT$$u5b$datalog_par..parser..ConstId$u5d$$GT$$RP$$RP$$GT$$GT$::h25c673b775ee5122.llvm.886363150627906582	datalog_par	0.020000	0.1,core::ptr::drop_in_place$LT$rayon..vec..Drain$LT$$LP$datalog_par..magic..KeyId$C$$LP$alloc..boxed..Box$LT$$u5b$datalog_par..parser..ConstId$u5d$$GT$$C$alloc..boxed..Box$LT$$u5b$datalog_par..parser..ConstId$u5d$$GT$$RP$$RP$$GT$$GT$::h25c673b775ee5122.llvm.886363150627906582	datalog_par	0.020000	0.1,0.00%
h436ae27bd2880846	datalog_par	0.020000	0.1,core::ptr::mut_ptr::_$LT$impl$u20$$BP$mut$u20$T$GT$::sub::h436ae27bd2880846	datalog_par	0.020000	0.1,core::ptr::mut_ptr::_$LT$impl$u20$$BP$mut$u20$T$GT$::sub::h436ae27bd2880846	datalog_par	0.020000	0.1,0.00%
h464fa2aea400e170	datalog_par	0.020000	0.1,core::sync::atomic::atomic_compare_exchange::h464fa2aea400e170	datalog_par	0.020000	0.1,core::sync::atomic::atomic_compare_exchange::h464fa2aea400e170	datalog_par	0.020000	0.1,0.00%
hc17f4c311f1b1dc4	datalog_par	0.020000	0.1,hashbrown::map::make_hash::hc17f4c311f1b1dc4	datalog_par	0.020000	0.1,hashbrown::map::make_hash::hc17f4c311f1b1dc4	datalog_par	0.020000	0.1,0.00%
h0c90953172856e19	datalog_par	0.020000	0.1,rayon::iter::plumbing::bridge_producer_consumer::helper::_$u7b$$u7b$closure$u7d$$u7d$::h0c90953172856e19	datalog_par	0.020000	0.1,rayon::iter::plumbing::bridge_producer_consumer::helper::_$u7b$$u7b$closure$u7d$$u7d$::h0c90953172856e19	datalog_par	0.020000	0.1,0.00%
hb246ada02cbcca28	datalog_par	0.020000	0.1,rayon_core::registry::WorkerThread::steal::hb246ada02cbcca28	datalog_par	0.020000	0.1,rayon_core::registry::WorkerThread::steal::hb246ada02cbcca28	datalog_par	0.020000	0.1,0.00%
he5f59eae6586720d	datalog_par	0.020000	0.1,rayon_core::sleep::Sleep::no_work_found::he5f59eae6586720d	datalog_par	0.020000	0.1,rayon_core::sleep::Sleep::no_work_found::he5f59eae6586720d	datalog_par	0.020000	0.1,0.00%
h5c5c118128502435	datalog_par	0.020000	0.1,rayon_core::sleep::Sleep::sleep::h5c5c118128502435	datalog_par	0.020000	0.1,rayon_core::sleep::Sleep::sleep::h5c5c118128502435	datalog_par	0.020000	0.1,0.00%
hfa9f992a19b42526	datalog_par	0.020000	0.1,std::sync::poison::Flag::done::hfa9f992a19b42526	datalog_par	0.020000	0.1,std::sync::poison::Flag::done::hfa9f992a19b42526	datalog_par	0.020000	0.1,0.00%
hc1852d3a7c9734b1	datalog_par	0.020000	0.1,_$LT$rayon..iter..map..MapFolder$LT$C$C$F$GT$$u20$as$u20$rayon..iter..plumbing..Folder$LT$T$GT$$GT$::consume::hc1852d3a7c9734b1	datalog_par	0.020000	0.1,_$LT$rayon..iter..map..MapFolder$LT$C$C$F$GT$$u20$as$u20$rayon..iter..plumbing..Folder$LT$T$GT$$GT$::consume::hc1852d3a7c9734b1	datalog_par	0.020000	0.1,0.00%
he1c52aaf9b3739d0	datalog_par	0.020000	0.1,hashbrown::raw::RawTableInner::find_or_find_insert_slot_inner::he1c52aaf9b3739d0	datalog_par	0.020000	0.1,hashbrown::raw::RawTableInner::find_or_find_insert_slot_inner::he1c52aaf9b3739d0	datalog_par	0.020000	0.1,0.00%
h8ae151f5feacf605	datalog_par	0.019999	0.1,hashbrown::control::tag::Tag::full::h8ae151f5feacf605	datalog_par	0.019999	0.1,hashbrown::control::tag::Tag::full::h8ae151f5feacf605	datalog_par	0.019999	0.1,0.00%
he1c52aaf9b3739d0	datalog_par	0.019998	0.1,hashbrown::raw::RawTableInner::find_or_find_insert_slot_inner::he1c52aaf9b3739d0	datalog_par	0.019998	0.1,hashbrown::raw::RawTableInner::find_or_find_insert_slot_inner::he1c52aaf9b3739d0	datalog_par	0.019998	0.1,0.00%
hb3d59a92b28cacac	datalog_par	0.019998	0.1,_$LT$alloc..collections..linked_list..LinkedList$LT$T$C$A$GT$$u20$as$u20$core..ops..drop..Drop$GT$::drop::hb3d59a92b28cacac	datalog_par	0.019998	0.1,_$LT$alloc..collections..linked_list..LinkedList$LT$T$C$A$GT$$u20$as$u20$core..ops..drop..Drop$GT$::drop::hb3d59a92b28cacac	datalog_par	0.019998	0.1,0.00%
h02b1e8d5135bc156	datalog_par	0.019995	0.1,_$LT$$RF$std..io..stdio..Stdout$u20$as$u20$std..io..Write$GT$::flush::h02b1e8d5135bc156	datalog_par	0.019995	0.1,_$LT$$RF$std..io..stdio..Stdout$u20$as$u20$std..io..Write$GT$::flush::h02b1e8d5135bc156	datalog_par	0.019995	0.1,0.00%
h4a1334a6ecfce444	datalog_par	0.019995	0.1,rayon_core::registry::WorkerThread::find_work::h4a1334a6ecfce444	datalog_par	0.019995	0.1,rayon_core::registry::WorkerThread::find_work::h4a1334a6ecfce444	datalog_par	0.019995	0.1,0.00%
h915638396c2ca681	datalog_par	0.019994	0.1,core::sync::atomic::atomic_load::h915638396c2ca681	datalog_par	0.019994	0.1,core::sync::atomic::atomic_load::h915638396c2ca681	datalog_par	0.019994	0.1,0.00%
h1014bc3c5500f3af	datalog_par	0.019994	0.1,crossbeam_epoch::atomic::decompose_tag::h1014bc3c5500f3af	datalog_par	0.019994	0.1,crossbeam_epoch::atomic::decompose_tag::h1014bc3c5500f3af	datalog_par	0.019994	0.1,0.00%
h149cf14e25715ce9	datalog_par	0.019992	0.1,hashbrown::control::tag::Tag::is_full::h149cf14e25715ce9	datalog_par	0.019992	0.1,hashbrown::control::tag::Tag::is_full::h149cf14e25715ce9	datalog_par	0.019992	0.1,0.00%
hf9050f0721f1a643	datalog_par	0.019991	0.1,core::sync::atomic::atomic_load::hf9050f0721f1a643	datalog_par	0.019991	0.1,core::sync::atomic::atomic_load::hf9050f0721f1a643	datalog_par	0.019991	0.1,0.00%
h18f6cd56db678d52	datalog_par	0.019987	0.1,rayon_core::latch::CoreLatch::probe::h18f6cd56db678d52	datalog_par	0.019987	0.1,rayon_core::latch::CoreLatch::probe::h18f6cd56db678d52	datalog_par	0.019987	0.1,0.00%
syscall	libc.so.6	0.019019	0.1,syscall	libc.so.6	0.019019	0.1,syscall	libc.so.6	0.019019	0.1,0.00%
h41f5b318fc00a640	datalog_par	0.018994	0.1,foldhash::folded_multiply::h41f5b318fc00a640	datalog_par	0.018994	0.1,foldhash::folded_multiply::h41f5b318fc00a640	datalog_par	0.018994	0.1,0.00%
hed540382e87b69c2	datalog_par	0.010010	0.0,core::sync::atomic::atomic_store::hed540382e87b69c2	datalog_par	0.010010	0.0,core::sync::atomic::atomic_store::hed540382e87b69c2	datalog_par	0.010010	0.0,0.00%
h735412da9472836f	datalog_par	0.010008	0.0,hashbrown::map::HashMap$LT$K$C$V$C$S$C$A$GT$::get_inner::h735412da9472836f	datalog_par	0.010008	0.0,hashbrown::map::HashMap$LT$K$C$V$C$S$C$A$GT$::get_inner::h735412da9472836f	datalog_par	0.010008	0.0,0.00%
ha8e365a3788393ee.llvm.6352146182090869225	datalog_par	0.010004	0.0,rayon_core::join::join_context::_$u7b$$u7b$closure$u7d$$u7d$::ha8e365a3788393ee.llvm.6352146182090869225	datalog_par	0.010004	0.0,rayon_core::join::join_context::_$u7b$$u7b$closure$u7d$$u7d$::ha8e365a3788393ee.llvm.6352146182090869225	datalog_par	0.010004	0.0,0.00%
hb0c2ecc90da2eb12	datalog_par	0.010004	0.0,rayon_core::job::StackJob$LT$L$C$F$C$R$GT$::run_inline::hb0c2ecc90da2eb12	datalog_par	0.010004	0.0,rayon_core::job::StackJob$LT$L$C$F$C$R$GT$::run_inline::hb0c2ecc90da2eb12	datalog_par	0.010004	0.0,0.00%
h4a6c57f0bcaf7b41	datalog_par	0.010003	0.0,_$LT$rayon..iter..flat_map..FlatMapFolder$LT$C$C$F$C$$LT$C$u20$as$u20$rayon..iter..plumbing..Consumer$LT$$LT$U$u20$as$u20$rayon..iter..IntoParallelIterator$GT$..Item$GT$$GT$..Result$GT$$u20$as$u20$rayon..iter..plumbing..Folder$LT$T$GT$$GT$::consume::h4a6c57f0bcaf7b41	datalog_par	0.010003	0.0,_$LT$rayon..iter..flat_map..FlatMapFolder$LT$C$C$F$C$$LT$C$u20$as$u20$rayon..iter..plumbing..Consumer$LT$$LT$U$u20$as$u20$rayon..iter..IntoParallelIterator$GT$..Item$GT$$GT$..Result$GT$$u20$as$u20$rayon..iter..plumbing..Folder$LT$T$GT$$GT$::consume::h4a6c57f0bcaf7b41	datalog_par	0.010003	0.0,0.00%
ha3861c4b52105cd3	datalog_par	0.010002	0.0,std::io::stdio::_print::ha3861c4b52105cd3	datalog_par	0.010002	0.0,std::io::stdio::_print::ha3861c4b52105cd3	datalog_par	0.010002	0.0,0.00%
h6be02b1aea4f3e34	datalog_par	0.010002	0.0,rayon::iter::from_par_iter::collect_extended::h6be02b1aea4f3e34	datalog_par	0.010002	0.0,rayon::iter::from_par_iter::collect_extended::h6be02b1aea4f3e34	datalog_par	0.010002	0.0,0.00%
h9bf15a620074b703	datalog_par	0.010001	0.0,core::convert::num::_$LT$impl$u20$core..convert..From$LT$u32$GT$$u20$for$u20$u128$GT$::from::h9bf15a620074b703	datalog_par	0.010001	0.0,core::convert::num::_$LT$impl$u20$core..convert..From$LT$u32$GT$$u20$for$u20$u128$GT$::from::h9bf15a620074b703	datalog_par	0.010001	0.0,0.00%
h476dae8880a26fdc	datalog_par	0.010000	0.0,core::core_arch::x86::sse2::_mm_movemask_epi8::h476dae8880a26fdc	datalog_par	0.010000	0.0,core::core_arch::x86::sse2::_mm_movemask_epi8::h476dae8880a26fdc	datalog_par	0.010000	0.0,0.00%
hcebd0dbdd7ed3e17	datalog_par	0.010000	0.0,_$LT$alloc..boxed..Box$LT$T$C$A$GT$$u20$as$u20$core..ops..drop..Drop$GT$::drop::hcebd0dbdd7ed3e17	datalog_par	0.010000	0.0,_$LT$alloc..boxed..Box$LT$T$C$A$GT$$u20$as$u20$core..ops..drop..Drop$GT$::drop::hcebd0dbdd7ed3e17	datalog_par	0.010000	0.0,0.00%
h163d0f9e1421046b	datalog_par	0.010000	0.0,_$LT$alloc..collections..linked_list..LinkedList$LT$T$C$A$GT$$u20$as$u20$core..ops..drop..Drop$GT$::drop::h163d0f9e1421046b	datalog_par	0.010000	0.0,_$LT$alloc..collections..linked_list..LinkedList$LT$T$C$A$GT$$u20$as$u20$core..ops..drop..Drop$GT$::drop::h163d0f9e1421046b	datalog_par	0.010000	0.0,0.00%
h9cfd5042d1967696	datalog_par	0.010000	0.0,_$LT$core..result..Result$LT$T$C$E$GT$$u20$as$u20$core..ops..try_trait..Try$GT$::branch::h9cfd5042d1967696	datalog_par	0.010000	0.0,_$LT$core..result..Result$LT$T$C$E$GT$$u20$as$u20$core..ops..try_trait..Try$GT$::branch::h9cfd5042d1967696	datalog_par	0.010000	0.0,0.00%
h895ba219f1cf5eee	datalog_par	0.010000	0.0,_$LT$crossbeam_epoch..sync..list..Iter$LT$T$C$C$GT$$u20$as$u20$core..iter..traits..iterator..Iterator$GT$::next::h895ba219f1cf5eee	datalog_par	0.010000	0.0,_$LT$crossbeam_epoch..sync..list..Iter$LT$T$C$C$GT$$u20$as$u20$core..iter..traits..iterator..Iterator$GT$::next::h895ba219f1cf5eee	datalog_par	0.010000	0.0,0.00%
h1c42d212600ffafe	datalog_par	0.010000	0.0,_$LT$rayon_core..job..StackJob$LT$L$C$F$C$R$GT$$u20$as$u20$rayon_core..job..Job$GT$::execute::h1c42d212600ffafe	datalog_par	0.010000	0.0,_$LT$rayon_core..job..StackJob$LT$L$C$F$C$R$GT$$u20$as$u20$rayon_core..job..Job$GT$::execute::h1c42d212600ffafe	datalog_par	0.010000	0.0,0.00%
h8f573eab48934851	datalog_par	0.010000	0.0,_$LT$rayon_core..job..StackJob$LT$L$C$F$C$R$GT$$u20$as$u20$rayon_core..job..Job$GT$::execute::h8f573eab48934851	datalog_par	0.010000	0.0,_$LT$rayon_core..job..StackJob$LT$L$C$F$C$R$GT$$u20$as$u20$rayon_core..job..Job$GT$::execute::h8f573eab48934851	datalog_par	0.010000	0.0,0.00%
h5a8b41c13a000041	datalog_par	0.010000	0.0,core::alloc::layout::Layout::repeat::h5a8b41c13a000041	datalog_par	0.010000	0.0,core::alloc::layout::Layout::repeat::h5a8b41c13a000041	datalog_par	0.010000	0.0,0.00%
hbcd007ab3660589d	datalog_par	0.010000	0.0,core::cmp::Ord::max::hbcd007ab3660589d	datalog_par	0.010000	0.0,core::cmp::Ord::max::hbcd007ab3660589d	datalog_par	0.010000	0.0,0.00%
hbcd007ab3660589d	datalog_par	0.010000	0.0,core::cmp::Ord::max::hbcd007ab3660589d	datalog_par	0.010000	0.0,core::cmp::Ord::max::hbcd007ab3660589d	datalog_par	0.010000	0.0,0.00%
h82aa499a01828836	datalog_par	0.010000	0.0,core::num::_$LT$impl$u20$u128$GT$::wrapping_mul::h82aa499a01828836	datalog_par	0.010000	0.0,core::num::_$LT$impl$u20$u128$GT$::wrapping_mul::h82aa499a01828836	datalog_par	0.010000	0.0,0.00%
hd6508c3855e7b6bc	datalog_par	0.010000	0.0,core::num::_$LT$impl$u20$usize$GT$::checked_add::hd6508c3855e7b6bc	datalog_par	0.010000	0.0,core::num::_$LT$impl$u20$usize$GT$::checked_add::hd6508c3855e7b6bc	datalog_par	0.010000	0.0,0.00%
h5142efa30619d56d	datalog_par	0.010000	0.0,core::num::_$LT$impl$u20$usize$GT$::overflowing_mul::h5142efa30619d56d	datalog_par	0.010000	0.0,core::num::_$LT$impl$u20$usize$GT$::overflowing_mul::h5142efa30619d56d	datalog_par	0.010000	0.0,0.00%
ha286fcc9e8ca10e7	datalog_par	0.010000	0.0,core::num::nonzero::NonZero$LT$u16$GT$::trailing_zeros::ha286fcc9e8ca10e7	datalog_par	0.010000	0.0,core::num::nonzero::NonZero$LT$u16$GT$::trailing_zeros::ha286fcc9e8ca10e7	datalog_par	0.010000	0.0,0.00%
ha286fcc9e8ca10e7	datalog_par	0.010000	0.0,core::num::nonzero::NonZero$LT$u16$GT$::trailing_zeros::ha286fcc9e8ca10e7	datalog_par	0.010000	0.0,core::num::nonzero::NonZero$LT$u16$GT$::trailing_zeros::ha286fcc9e8ca10e7	datalog_par	0.010000	0.0,0.00%
h9ded831f2cd60c20.llvm.7909390834767620065	datalog_par	0.010000	0.0,core::ops::function::FnOnce::call_once::h9ded831f2cd60c20.llvm.7909390834767620065	datalog_par	0.010000	0.0,core::ops::function::FnOnce::call_once::h9ded831f2cd60c20.llvm.7909390834767620065	datalog_par	0.010000	0.0,0.00%
he533dbd7392a2912	datalog_par	0.010000	0.0,core::ops::function::impls::_$LT$impl$u20$core..ops..function..FnMut$LT$A$GT$$u20$for$u20$$RF$F$GT$::call_mut::he533dbd7392a2912	datalog_par	0.010000	0.0,core::ops::function::impls::_$LT$impl$u20$core..ops..function..FnMut$LT$A$GT$$u20$for$u20$$RF$F$GT$::call_mut::he533dbd7392a2912	datalog_par	0.010000	0.0,0.00%
ha0921494a4866053	datalog_par	0.010000	0.0,core::ptr::non_null::NonNull$LT$T$GT$::as_ref::ha0921494a4866053	datalog_par	0.010000	0.0,core::ptr::non_null::NonNull$LT$T$GT$::as_ref::ha0921494a4866053	datalog_par	0.010000	0.0,0.00%
h6af90abbb91e8d75	datalog_par	0.010000	0.0,core::sync::atomic::atomic_load::h6af90abbb91e8d75	datalog_par	0.010000	0.0,core::sync::atomic::atomic_load::h6af90abbb91e8d75	datalog_par	0.010000	0.0,0.00%
hc10d1d79e2762380	datalog_par	0.010000	0.0,crossbeam_deque::deque::Worker$LT$T$GT$::pop::hc10d1d79e2762380	datalog_par	0.010000	0.0,crossbeam_deque::deque::Worker$LT$T$GT$::pop::hc10d1d79e2762380	datalog_par	0.010000	0.0,0.00%
ha159aa994ce05a06	datalog_par	0.010000	0.0,crossbeam_epoch::atomic::decompose_tag::ha159aa994ce05a06	datalog_par	0.010000	0.0,crossbeam_epoch::atomic::decompose_tag::ha159aa994ce05a06	datalog_par	0.010000	0.0,0.00%
hf5b4d763e2443c6d	datalog_par	0.010000	0.0,crossbeam_epoch::default::pin::hf5b4d763e2443c6d	datalog_par	0.010000	0.0,crossbeam_epoch::default::pin::hf5b4d763e2443c6d	datalog_par	0.010000	0.0,0.00%
heb3801786c48f3d3	datalog_par	0.010000	0.0,crossbeam_epoch::internal::Global::try_advance::heb3801786c48f3d3	datalog_par	0.010000	0.0,crossbeam_epoch::internal::Global::try_advance::heb3801786c48f3d3	datalog_par	0.010000	0.0,0.00%
h41f5b318fc00a640	datalog_par	0.010000	0.0,foldhash::folded_multiply::h41f5b318fc00a640	datalog_par	0.010000	0.0,foldhash::folded_multiply::h41f5b318fc00a640	datalog_par	0.010000	0.0,0.00%
h41f5b318fc00a640	datalog_par	0.010000	0.0,foldhash::folded_multiply::h41f5b318fc00a640	datalog_par	0.010000	0.0,foldhash::folded_multiply::h41f5b318fc00a640	datalog_par	0.010000	0.0,0.00%
h8ae151f5feacf605	datalog_par	0.010000	0.0,hashbrown::control::tag::Tag::full::h8ae151f5feacf605	datalog_par	0.010000	0.0,hashbrown::control::tag::Tag::full::h8ae151f5feacf605	datalog_par	0.010000	0.0,0.00%
h8ae151f5feacf605	datalog_par	0.010000	0.0,hashbrown::control::tag::Tag::full::h8ae151f5feacf605	datalog_par	0.010000	0.0,hashbrown::control::tag::Tag::full::h8ae151f5feacf605	datalog_par	0.010000	0.0,0.00%
h149cf14e25715ce9	datalog_par	0.010000	0.0,hashbrown::control::tag::Tag::is_full::h149cf14e25715ce9	datalog_par	0.010000	0.0,hashbrown::control::tag::Tag::is_full::h149cf14e25715ce9	datalog_par	0.010000	0.0,0.00%
h75f9dae60bd45704	datalog_par	0.010000	0.0,hashbrown::map::HashMap$LT$K$C$V$C$S$C$A$GT$::get_inner::h75f9dae60bd45704	datalog_par	0.010000	0.0,hashbrown::map::HashMap$LT$K$C$V$C$S$C$A$GT$::get_inner::h75f9dae60bd45704	datalog_par	0.010000	0.0,0.00%
hcfe2b13e0c1fc19d	datalog_par	0.010000	0.0,hashbrown::util::likely::hcfe2b13e0c1fc19d	datalog_par	0.010000	0.0,hashbrown::util::likely::hcfe2b13e0c1fc19d	datalog_par	0.010000	0.0,0.00%
hcfe2b13e0c1fc19d	datalog_par	0.010000	0.0,hashbrown::util::likely::hcfe2b13e0c1fc19d	datalog_par	0.010000	0.0,hashbrown::util::likely::hcfe2b13e0c1fc19d	datalog_par	0.010000	0.0,0.00%
hcfe2b13e0c1fc19d	datalog_par	0.010000	0.0,hashbrown::util::likely::hcfe2b13e0c1fc19d	datalog_par	0.010000	0.0,hashbrown::util::likely::hcfe2b13e0c1fc19d	datalog_par	0.010000	0.0,0.00%
h3cc9861077463bcf	datalog_par	0.010000	0.0,rayon::iter::plumbing::Folder::consume_iter::h3cc9861077463bcf	datalog_par	0.010000	0.0,rayon::iter::plumbing::Folder::consume_iter::h3cc9861077463bcf	datalog_par	0.010000	0.0,0.00%
hcd6d8622967f3550	datalog_par	0.010000	0.0,rayon_core::job::StackJob$LT$L$C$F$C$R$GT$::run_inline::hcd6d8622967f3550	datalog_par	0.010000	0.0,rayon_core::job::StackJob$LT$L$C$F$C$R$GT$::run_inline::hcd6d8622967f3550	datalog_par	0.010000	0.0,0.00%
h18f6cd56db678d52	datalog_par	0.010000	0.0,rayon_core::latch::CoreLatch::probe::h18f6cd56db678d52	datalog_par	0.010000	0.0,rayon_core::latch::CoreLatch::probe::h18f6cd56db678d52	datalog_par	0.010000	0.0,0.00%
hbcff22f877907e92	datalog_par	0.010000	0.0,rayon_core::registry::in_worker::hbcff22f877907e92	datalog_par	0.010000	0.0,rayon_core::registry::in_worker::hbcff22f877907e92	datalog_par	0.010000	0.0,0.00%
h506dd387975d9a33	datalog_par	0.010000	0.0,rayon_core::sleep::counters::JobsEventCounter::is_sleepy::h506dd387975d9a33	datalog_par	0.010000	0.0,rayon_core::sleep::counters::JobsEventCounter::is_sleepy::h506dd387975d9a33	datalog_par	0.010000	0.0,0.00%
hb07ff32a615ed072	datalog_par	0.010000	0.0,hashbrown::control::bitmask::BitMask::lowest_set_bit::hb07ff32a615ed072	datalog_par	0.010000	0.0,hashbrown::control::bitmask::BitMask::lowest_set_bit::hb07ff32a615ed072	datalog_par	0.010000	0.0,0.00%
ha286fcc9e8ca10e7	datalog_par	0.010000	0.0,core::num::nonzero::NonZero$LT$u16$GT$::trailing_zeros::ha286fcc9e8ca10e7	datalog_par	0.010000	0.0,core::num::nonzero::NonZero$LT$u16$GT$::trailing_zeros::ha286fcc9e8ca10e7	datalog_par	0.010000	0.0,0.00%
hb8a9730215018ccb	datalog_par	0.009999	0.0,_$LT$std..io..stdio..StdoutLock$u20$as$u20$std..io..Write$GT$::write_all::hb8a9730215018ccb	datalog_par	0.009999	0.0,_$LT$std..io..stdio..StdoutLock$u20$as$u20$std..io..Write$GT$::write_all::hb8a9730215018ccb	datalog_par	0.009999	0.0,0.00%
h2b243dd1918cf54d	datalog_par	0.009999	0.0,core::ptr::read_volatile::h2b243dd1918cf54d	datalog_par	0.009999	0.0,core::ptr::read_volatile::h2b243dd1918cf54d	datalog_par	0.009999	0.0,0.00%
ha951b38de6757cd1	datalog_par	0.009998	0.0,core::ptr::read_volatile::ha951b38de6757cd1	datalog_par	0.009998	0.0,core::ptr::read_volatile::ha951b38de6757cd1	datalog_par	0.009998	0.0,0.00%
hb340e8038c861ffc	datalog_par	0.009998	0.0,core::num::_$LT$impl$u20$usize$GT$::wrapping_sub::hb340e8038c861ffc	datalog_par	0.009998	0.0,core::num::_$LT$impl$u20$usize$GT$::wrapping_sub::hb340e8038c861ffc	datalog_par	0.009998	0.0,0.00%
h758976996ed4d2d2	datalog_par	0.009998	0.0,datalog_par::print_answers_to::h758976996ed4d2d2	datalog_par	0.009998	0.0,datalog_par::print_answers_to::h758976996ed4d2d2	datalog_par	0.009998	0.0,0.00%
h6aa4e5ce369cac74	datalog_par	0.009996	0.0,rayon_core::job::StackJob$LT$L$C$F$C$R$GT$::into_result::h6aa4e5ce369cac74	datalog_par	0.009996	0.0,rayon_core::job::StackJob$LT$L$C$F$C$R$GT$::into_result::h6aa4e5ce369cac74	datalog_par	0.009996	0.0,0.00%
hab2ae924d93d3cc6	datalog_par	0.009995	0.0,_$LT$rayon_core..job..StackJob$LT$L$C$F$C$R$GT$$u20$as$u20$rayon_core..job..Job$GT$::execute::hab2ae924d93d3cc6	datalog_par	0.009995	0.0,_$LT$rayon_core..job..StackJob$LT$L$C$F$C$R$GT$$u20$as$u20$rayon_core..job..Job$GT$::execute::hab2ae924d93d3cc6	datalog_par	0.009995	0.0,0.00%
h796371c2443631e7	datalog_par	0.009994	0.0,core::sync::atomic::atomic_store::h796371c2443631e7	datalog_par	0.009994	0.0,core::sync::atomic::atomic_store::h796371c2443631e7	datalog_par	0.009994	0.0,0.00%
h8ae151f5feacf605	datalog_par	0.009991	0.0,hashbrown::control::tag::Tag::full::h8ae151f5feacf605	datalog_par	0.009991	0.0,hashbrown::control::tag::Tag::full::h8ae151f5feacf605	datalog_par	0.009991	0.0,0.00%
h476dae8880a26fdc	datalog_par	0.009990	0.0,core::core_arch::x86::sse2::_mm_movemask_epi8::h476dae8880a26fdc	datalog_par	0.009990	0.0,core::core_arch::x86::sse2::_mm_movemask_epi8::h476dae8880a26fdc	datalog_par	0.009990	0.0,0.00%
hb07ff32a615ed072	datalog_par	0.009985	0.0,hashbrown::control::bitmask::BitMask::lowest_set_bit::hb07ff32a615ed072	datalog_par	0.009985	0.0,hashbrown::control::bitmask::BitMask::lowest_set_bit::hb07ff32a615ed072	datalog_par	0.009985	0.0,0.00%
__memset_avx2_unaligned_erms	libc.so.6	0.009983	0.0,__memset_avx2_unaligned_erms	libc.so.6	0.009983	0.0,__memset_avx2_unaligned_erms	libc.so.6	0.009983	0.0,0.00%
